,mean,median,min,max
age,49.42625,50.0,18,90
weight,73.413,73.2,33.7,114.4
height,171.84925000000004,171.35000000000002,144.4,200.4
systolic_bp,149.178625,149.4,106.8,185.9
cholesterol,4.92915,4.97,2.5,7.88
